{
  "train_loss": [
    0.015455532881708768,
    0.010009106167182487,
    0.008193166303782966,
    0.006958839209000954,
    0.005851138329432998,
    0.0051326868069372445,
    0.00456442745067588,
    0.003821659491350013,
    0.003463543251268208
  ],
  "val_loss": [
    0.014753955935131067,
    0.013907209233644779,
    0.01212263545165512,
    0.011514408291690658,
    0.012424962539741532,
    0.011793351901129361,
    0.012837715118559205,
    0.011838572029652323,
    0.011558768518059741
  ],
  "val_qwk": [
    0.7626714103989659,
    0.7775891697514062,
    0.7866170873601078,
    0.7774950932918219,
    0.7803778283592497,
    0.7843000054256619,
    0.7710835694562701,
    0.7760887049138214,
    0.7804319506331222
  ]
}